sex,Fri,Sat,Sun,Thur
Female,2.781111111111111,2.801785714285714,3.3672222222222223,2.5756250000000005
Male,2.693,3.0838983050847455,3.2203448275862083,2.9803333333333333
